id,user_id,task_id,effectiveness_score,effort_score,impact_score,qualitative_feedback,created_at,updated_at
1,1,1,85,52,88,加工結果は全体的に安定しており、工程条件の最適化が適切に機能していた。,2024-02-05T00:00:00Z,2024-02-05T00:00:00Z
2,1,2,78,58,74,材料特性の変動が影響し、一部工程で再調整が必要と判断された。,2024-02-06T00:00:00Z,2024-02-06T00:00:00Z
3,1,3,92,47,95,真円度は非常に高く、装置剛性が十分に活かされた優秀な結果を示した。,2024-02-07T00:00:00Z,2024-02-07T00:00:00Z
4,1,4,88,55,90,難削材加工において高い再現性を確保しており、生産性向上に寄与している。,2024-02-08T00:00:00Z,2024-02-08T00:00:00Z
5,1,5,75,60,72,教育計画の基礎は良好だが、運用面での進行管理に改善余地が見られた。,2024-02-09T00:00:00Z,2024-02-09T00:00:00Z
6,1,6,90,50,94,ロボット協働作業はスムーズで、安全性と効率性の両面で高い評価となった。,2024-02-10T00:00:00Z,2024-02-10T00:00:00Z
7,1,7,80,57,78,AIモデルの精度は一定水準に達しているが、環境変動への対応力が課題である。,2024-02-11T00:00:00Z,2024-02-11T00:00:00Z
8,1,8,85,53,87,センサーデータ分析は良好で、予兆抽出の信頼性が高まっている。,2024-02-12T00:00:00Z,2024-02-12T00:00:00Z
9,1,9,77,59,73,デジタルツインの再現精度に改善が必要で、実設備との差異が課題として残る。,2024-02-13T00:00:00Z,2024-02-13T00:00:00Z
10,1,10,82,56,84,環境負荷削減案は実現可能性が高く、継続的な効果が期待される。,2024-02-14T00:00:00Z,2024-02-14T00:00:00Z