id,task_id,name,description,goal,scope,process,result,feedback,limit_min,limit_max,goal_function,abstract_level,domain,created_at,updated_at
robot_precision_framework,10,ロボット精度最適化フレームワーク,位置決め精度を目的とした現象学的アプローチ,G: 位置決め精度±0.01mm達成,A: 6軸ロボットアームの動作範囲全体,"{""steps"":[""キャリブレーション"",""測定"",""補正"",""検証""],""iteration"":""continuous""}","{""achieved_accuracy"":0.008,""improvement"":""20%""}","{""type"":""continuous"",""method"":""real-time_correction""}",0.005,0.02,minimize(abs(measured_position - target_position)),L1,robot_calibration,2020-03-04 00:00:00,2020-03-04 00:00:00
force_control_framework,4,力制御最適化フレームワーク,人の感覚を数値化した力制御,G: 破損なく確実な把持,A: 多様な形状・材質の対象物,"{""steps"":[""力センサ読取"",""フィードバック制御"",""動的調整""],""iteration"":""real_time""}","{""success_rate"":0.95,""damage_rate"":0.001}","{""type"":""real_time"",""sensor"":""force_sensor""}",10.0,100.0,optimize(grip_force constraints=[no_damage secure_grip]),L2,robot_gripper,2020-01-22 00:00:00,2020-01-22 00:00:00
adaptive_learning_framework,2,適応学習フレームワーク,作業環境変化への自律適応,G: 未知物体への適応時間<10秒,A: 製造ライン上の多様な部品,"{""steps"":[""観察"",""特徴抽出"",""戦略選択"",""実行"",""評価""],""iteration"":""iterative""}","{""adaptation_time"":8.5,""success_rate"":0.92}","{""type"":""iterative"",""learning"":""reinforcement""}",1.0,10.0,minimize(adaptation_time) + maximize(success_rate),L2,robot_learning,2020-01-08 00:00:00,2020-01-08 00:00:00
energy_optimization_framework,12,エネルギー最適化フレームワーク,消費電力の最小化,G: エネルギー効率30%向上,A: 全動作サイクル,"{""steps"":[""動作プロファイル分析"",""最適化計算"",""実装""],""iteration"":""periodic""}","{""energy_reduction"":0.32,""performance_maintained"":true}","{""type"":""periodic"",""interval"":""daily""}",50.0,200.0,minimize(energy_consumption) subject to performance_constraints,L1,robot_efficiency,2020-03-18 00:00:00,2020-03-18 00:00:00
safety_compliance_framework,13,安全規格準拠フレームワーク,ISO10218準拠の安全動作,G: 事故ゼロ・規格100%準拠,A: 人間共存環境,"{""steps"":[""リスクアセスメント"",""対策実装"",""検証"",""監視""],""iteration"":""continuous""}","{""accident_count"":0,""compliance_rate"":1.0}","{""type"":""continuous"",""monitoring"":""real_time""}",0.0,1.0,minimize(risk_index) + maximize(compliance_score),L0,robot_safety,2020-03-25 00:00:00,2020-03-25 00:00:00
quality_control_framework,3,品質管理フレームワーク,製品品質の一貫性確保,G: 不良率0.1%以下,A: 生産ライン全体,"{""steps"":[""統計的プロセス管理"",""異常検知"",""補正""],""iteration"":""real_time""}","{""defect_rate"":0.0008,""consistency"":0.96}","{""type"":""real_time"",""spc"":""control_charts""}",0.0,0.001,minimize(defect_rate) + maximize(consistency),L1,manufacturing_quality,2020-01-15 00:00:00,2020-01-15 00:00:00
maintenance_prediction_framework,8,予知保全フレームワーク,故障予測と最適保守,G: 稼働率99%以上,A: ロボットシステム全体,"{""steps"":[""センサデータ収集"",""異常検知"",""予測"",""保守計画""],""iteration"":""predictive""}","{""uptime"":0.992,""maintenance_cost_reduction"":0.25}","{""type"":""predictive"",""model"":""machine_learning""}",0.0,1.0,maximize(uptime) - minimize(maintenance_cost),L2,robot_maintenance,2020-02-19 00:00:00,2020-02-19 00:00:00
human_robot_collaboration,1,人間ロボット協調フレームワーク,安全で効率的な協働作業,G: 作業効率50%向上・事故ゼロ,A: 共同作業空間,"{""steps"":[""意図推定"",""動作計画"",""実行"",""フィードバック""],""iteration"":""adaptive""}","{""efficiency_gain"":0.48,""safety_incidents"":0}","{""type"":""adaptive"",""sensor"":""multi_modal""}",0.0,2.0,maximize(efficiency) * safety_factor,L3,robot_collaboration,2020-01-01 00:00:00,2020-01-01 00:00:00
vision_guided_framework,2,ビジョンガイドフレームワーク,視覚情報による高精度制御,G: 認識精度99%・処理時間<100ms,A: カメラ視野内全対象,"{""steps"":[""画像取得"",""前処理"",""認識"",""位置推定"",""制御""],""iteration"":""continuous""}","{""recognition_accuracy"":0.99,""processing_time"":85}","{""type"":""continuous"",""fps"":30}",0.001,0.1,maximize(recognition_accuracy) / processing_time,L1,robot_vision,2020-01-08 00:00:00,2020-01-08 00:00:00
trajectory_optimization_framework,6,軌道最適化フレームワーク,最適動作経路の生成,G: 移動時間最小・滑らか動作,A: 作業空間内の全経路,"{""steps"":[""経路計画"",""速度プロファイル生成"",""実行"",""評価""],""iteration"":""iterative""}","{""time_reduction"":0.22,""smoothness"":0.95}","{""type"":""iterative"",""algorithm"":""optimization""}",0.1,10.0,minimize(time) + minimize(jerk) + minimize(energy),L1,robot_motion,2020-02-05 00:00:00,2020-02-05 00:00:00
material_handling_framework,14,材料取扱い最適化フレームワーク,多様な材料の適切な取扱い,G: 破損率0%・処理速度最大化,A: 全材料タイプ,"{""steps"":[""材料識別"",""パラメータ選択"",""実行"",""結果評価""],""iteration"":""adaptive""}","{""damage_rate"":0.0,""throughput_increase"":0.35}","{""type"":""adaptive"",""database"":""material_properties""}",0.0,1.0,minimize(damage_rate) + maximize(throughput),L2,robot_handling,2020-04-01 00:00:00,2020-04-01 00:00:00
cutting_process_framework,1,切削加工最適化フレームワーク,切削条件の動的最適化,G: 表面粗さRa<1.6・工具寿命延長,A: 全切削工程,"{""steps"":[""条件設定"",""加工"",""測定"",""調整""],""iteration"":""continuous""}","{""surface_roughness"":1.2,""tool_life_extension"":0.40}","{""type"":""continuous"",""sensor"":""vibration_force""}",0.0,10.0,minimize(surface_roughness) + maximize(tool_life),L1,machining,2020-01-01 00:00:00,2020-01-01 00:00:00
assembly_optimization_framework,1,組立最適化フレームワーク,組立精度と効率の両立,G: 組立精度±0.05mm・タクト30秒,A: 全組立工程,"{""steps"":[""部品認識"",""位置合わせ"",""組立"",""検証""],""iteration"":""iterative""}","{""assembly_error"":0.03,""cycle_time"":28}","{""type"":""iterative"",""vision"":""3d_camera""}",0.01,0.1,minimize(assembly_error) + minimize(cycle_time),L2,robot_assembly,2020-01-01 00:00:00,2020-01-01 00:00:00
welding_quality_framework,15,溶接品質フレームワーク,溶接品質の安定化,G: 溶接強度規格値以上・外観良好,A: 全溶接箇所,"{""steps"":[""パラメータ設定"",""溶接"",""検査"",""補正""],""iteration"":""continuous""}","{""weld_strength"":450,""defect_rate"":0.002}","{""type"":""continuous"",""monitoring"":""arc_sensor""}",0.0,5.0,maximize(weld_strength) + minimize(defects),L1,robot_welding,2020-04-08 00:00:00,2020-04-08 00:00:00
painting_uniformity_framework,7,塗装均一性フレームワーク,塗装品質の均一化,G: 膜厚偏差±10%以内,A: 全塗装面,"{""steps"":[""スプレーパターン設定"",""塗装"",""測定"",""調整""],""iteration"":""periodic""}","{""thickness_variance"":0.08,""coverage"":0.98}","{""type"":""periodic"",""measurement"":""coating_gauge""}",50.0,150.0,minimize(thickness_variance) + maximize(coverage),L1,robot_painting,2020-02-12 00:00:00,2020-02-12 00:00:00
inspection_accuracy_framework,16,検査精度向上フレームワーク,検査の高精度化,G: 検出率99.9%・誤検出率<0.1%,A: 全検査項目,"{""steps"":[""検査計画"",""実行"",""判定"",""フィードバック""],""iteration"":""continuous""}","{""detection_rate"":0.998,""false_positive_rate"":0.0008}","{""type"":""continuous"",""ai"":""deep_learning""}",0.0,1.0,maximize(detection_rate) - minimize(false_positive_rate),L1,robot_inspection,2020-04-15 00:00:00,2020-04-15 00:00:00
logistics_optimization_framework,9,物流最適化フレームワーク,内部物流の効率化,G: 搬送時間30%短縮,A: 工場内全搬送経路,"{""steps"":[""経路計画"",""搬送"",""到着確認"",""最適化""],""iteration"":""dynamic""}","{""time_reduction"":0.32,""congestion_reduction"":0.45}","{""type"":""dynamic"",""navigation"":""autonomous""}",0.0,100.0,minimize(transport_time) + minimize(congestion),L2,robot_logistics,2020-02-26 00:00:00,2020-02-26 00:00:00
skill_transfer_framework,9,スキル転移フレームワーク,熟練技能のロボット化,G: 熟練度90%再現,A: 全熟練作業,"{""steps"":[""観察"",""モデル化"",""実装"",""評価""],""iteration"":""iterative""}","{""skill_similarity"":0.88,""learning_time"":120}","{""type"":""iterative"",""method"":""learning_from_demonstration""}",0.0,1.0,maximize(skill_similarity) + minimize(learning_time),L3,robot_learning,2020-02-26 00:00:00,2020-02-26 00:00:00
cost_optimization_framework,11,コスト最適化フレームワーク,運用コストの最小化,G: 総コスト20%削減,A: システム全体,"{""steps"":[""コスト分析"",""最適化"",""実施"",""評価""],""iteration"":""periodic""}","{""cost_reduction"":0.22,""quality_maintained"":true}","{""type"":""periodic"",""interval"":""monthly""}",0.0,1000000.0,minimize(total_cost) subject to quality_constraints,L2,robot_economics,2020-03-11 00:00:00,2020-03-11 00:00:00
innovation_framework,5,イノベーションフレームワーク,新技術の体系的導入,G: 革新的ソリューション創出,A: R&D全領域,"{""steps"":[""探索"",""実験"",""評価"",""実装""],""iteration"":""exploratory""}","{""innovation_index"":0.75,""feasibility"":0.82}","{""type"":""exploratory"",""approach"":""agile""}",0.0,1.0,maximize(innovation_index) + maximize(feasibility),L3,robot_research,2020-01-29 00:00:00,2020-01-29 00:00:00